{
    "value0": 9,
    "value1": 8,
    "value2": 7,
    "value3": 6,
    "value4": 5,
    "value5": 4,
    "value6": 3,
    "value7": 2,
    "value8": 1,
    "value9": 0,
    "value10": 8,
    "value11": 0,
    "value12": {
        "POS_X": -2.0,
        "POS_Y": 0.0,
        "POS_Z": 0.0,
        "SCALE_X": 1.0,
        "SCALE_Y": 1.0,
        "SCALE_Z": 1.0,
        "ROT_X": 0.0,
        "ROT_Y": 0.0,
        "ROT_Z": 0.0
    },
    "value13": 1,
    "value14": {
        "POS_X": -0.5,
        "POS_Y": 0.0,
        "POS_Z": 0.0,
        "SCALE_X": 1.0,
        "SCALE_Y": 1.0,
        "SCALE_Z": 1.0,
        "ROT_X": 0.0,
        "ROT_Y": 0.0,
        "ROT_Z": 0.0
    },
    "value15": 2,
    "value16": {
        "POS_X": 1.0,
        "POS_Y": 0.0,
        "POS_Z": 0.0,
        "SCALE_X": 1.0,
        "SCALE_Y": 1.0,
        "SCALE_Z": 1.0,
        "ROT_X": 0.0,
        "ROT_Y": 0.0,
        "ROT_Z": 0.0
    },
    "value17": 3,
    "value18": {
        "POS_X": 2.5,
        "POS_Y": 0.0,
        "POS_Z": 0.0,
        "SCALE_X": 1.0,
        "SCALE_Y": 1.0,
        "SCALE_Z": 1.0,
        "ROT_X": 0.0,
        "ROT_Y": 0.0,
        "ROT_Z": 0.0
    },
    "value19": 4,
    "value20": {
        "POS_X": 0.0,
        "POS_Y": 0.0,
        "POS_Z": 1.0,
        "SCALE_X": 0.10000000149011612,
        "SCALE_Y": 0.10000000149011612,
        "SCALE_Z": 0.10000000149011612,
        "ROT_X": 0.0,
        "ROT_Y": 0.0,
        "ROT_Z": 0.0
    },
    "value21": 5,
    "value22": {
        "POS_X": 0.0,
        "POS_Y": 0.0,
        "POS_Z": -1.0,
        "SCALE_X": 0.10000000149011612,
        "SCALE_Y": 0.10000000149011612,
        "SCALE_Z": 0.10000000149011612,
        "ROT_X": 0.0,
        "ROT_Y": 0.0,
        "ROT_Z": 0.0
    },
    "value23": 6,
    "value24": {
        "POS_X": 0.0,
        "POS_Y": 1.0,
        "POS_Z": 0.0,
        "SCALE_X": 0.10000000149011612,
        "SCALE_Y": 0.10000000149011612,
        "SCALE_Z": 0.10000000149011612,
        "ROT_X": 0.0,
        "ROT_Y": 0.0,
        "ROT_Z": 0.0
    },
    "value25": 7,
    "value26": {
        "POS_X": 0.0,
        "POS_Y": -1.0,
        "POS_Z": 0.0,
        "SCALE_X": 0.10000000149011612,
        "SCALE_Y": 0.10000000149011612,
        "SCALE_Z": 0.10000000149011612,
        "ROT_X": 0.0,
        "ROT_Y": 0.0,
        "ROT_Z": 0.0
    },
    "value27": 8,
    "value28": 0,
    "value29": {
        "MESH_NAME": "Models/sphere.obj",
        "MATERIAL_NAME": "Materials/Cobblestone.mat"
    },
    "value30": 1,
    "value31": {
        "MESH_NAME": "Models/sphere.obj",
        "MATERIAL_NAME": "Materials/Paint.mat"
    },
    "value32": 2,
    "value33": {
        "MESH_NAME": "Models/sphere.obj",
        "MATERIAL_NAME": "Materials/Bronze.mat"
    },
    "value34": 3,
    "value35": {
        "MESH_NAME": "Models/sphere.obj",
        "MATERIAL_NAME": "Materials/Cobblestone.mat"
    },
    "value36": 4,
    "value37": {
        "MESH_NAME": "Models/sphere.obj",
        "MATERIAL_NAME": "Materials/Default.mat"
    },
    "value38": 5,
    "value39": {
        "MESH_NAME": "Models/sphere.obj",
        "MATERIAL_NAME": "Materials/Default.mat"
    },
    "value40": 6,
    "value41": {
        "MESH_NAME": "Models/sphere.obj",
        "MATERIAL_NAME": "Materials/Default.mat"
    },
    "value42": 7,
    "value43": {
        "MESH_NAME": "Models/sphere.obj",
        "MATERIAL_NAME": "Materials/Default.mat"
    },
    "value44": 1,
    "value45": 8,
    "value46": {
        "DIFFUSE_X": 1.0,
        "DIFFUSE_Y": 1.0,
        "DIFFUSE_Z": 1.0,
        "DIFFUSE_W": 1.0,
        "DIRECTION_X": 1.0,
        "DIRECTION_Y": -1.0,
        "DIRECTION_Z": -0.5,
        "INTENSITY": 1.0
    },
    "value47": 4,
    "value48": 4,
    "value49": {
        "DIFFUSE_X": 1.0,
        "DIFFUSE_Y": 0.0,
        "DIFFUSE_Z": 0.0,
        "RANGE": 20.0,
        "INTENSITY": 5.0
    },
    "value50": 5,
    "value51": {
        "DIFFUSE_X": 1.0,
        "DIFFUSE_Y": 1.0,
        "DIFFUSE_Z": 0.0,
        "RANGE": 20.0,
        "INTENSITY": 5.0
    },
    "value52": 6,
    "value53": {
        "DIFFUSE_X": 0.0,
        "DIFFUSE_Y": 1.0,
        "DIFFUSE_Z": 1.0,
        "RANGE": 20.0,
        "INTENSITY": 5.0
    },
    "value54": 7,
    "value55": {
        "DIFFUSE_X": 1.0,
        "DIFFUSE_Y": 0.0,
        "DIFFUSE_Z": 1.0,
        "RANGE": 20.0,
        "INTENSITY": 5.0
    },
    "value56": 0
}